City_ID,City,Country,Date,Lat,Lng,Max Temp,Humidity,Cloudiness,Wind Speed
0,Cape Town,ZA,2022-02-06 00:14:46,-33.9258,18.4232,69.12,68,0,1.01
1,Halifax,CA,2022-02-06 00:13:07,44.6453,-63.5724,19.09,85,81,7.0
2,Hilo,US,2022-02-06 00:15:35,19.7297,-155.09,78.53,78,100,9.22
3,Chumikan,RU,2022-02-06 00:16:59,54.7183,135.315,-1.1,78,100,12.95
4,Yumen,CN,2022-02-06 00:17:00,40.2833,97.2,15.22,42,100,13.96
5,Kapaa,US,2022-02-06 00:17:00,22.0752,-159.319,80.19,65,0,1.99
6,Pevek,RU,2022-02-06 00:12:16,69.7008,170.3133,-26.84,99,42,1.79
7,Port Alfred,ZA,2022-02-06 00:17:01,-33.5906,26.891,70.2,86,73,25.88
8,Sevsk,RU,2022-02-06 00:17:01,52.1491,34.4926,30.81,97,100,11.41
9,Aklavik,CA,2022-02-06 00:14:17,68.2191,-135.0107,-35.9,89,10,0.56
10,Geraldton,AU,2022-02-06 00:17:02,-28.7667,114.6,77.41,78,100,12.66
11,Roebourne,AU,2022-02-06 00:17:02,-20.7833,117.1333,86.18,68,55,9.37
12,Alyangula,AU,2022-02-06 00:17:03,-13.8483,136.4192,83.17,68,78,7.76
13,Sao Filipe,CV,2022-02-06 00:17:03,14.8961,-24.4956,73.09,72,0,9.24
14,Teshie,GH,2022-02-06 00:17:03,5.5836,-0.1072,82.96,83,0,3.44
15,Butaritari,KI,2022-02-06 00:15:39,3.0707,172.7902,82.67,74,51,18.7
16,New Norfolk,AU,2022-02-06 00:17:04,-42.7826,147.0587,70.72,45,75,2.68
17,Xai-Xai,MZ,2022-02-06 00:17:04,-25.0519,33.6442,76.03,80,13,14.12
18,Te Anau,NZ,2022-02-06 00:17:05,-45.4167,167.7167,62.33,43,8,4.76
19,Gat,IL,2022-02-06 00:14:14,31.61,34.7642,52.39,100,82,8.05
20,Thompson,CA,2022-02-06 00:17:05,55.7435,-97.8558,-12.84,70,75,4.61
21,Kieta,PG,2022-02-06 00:14:16,-6.2167,155.6333,86.65,67,56,8.99
22,Lebu,CL,2022-02-06 00:17:06,-37.6167,-73.65,59.47,80,0,19.37
23,Cidreira,BR,2022-02-06 00:17:07,-30.1811,-50.2056,74.16,91,100,4.18
24,Roma,US,2022-02-06 00:17:07,43.2128,-75.4557,3.85,75,0,4.61
25,Rock Sound,BS,2022-02-06 00:17:07,24.9,-76.2,74.23,76,3,14.2
26,Bowen,AU,2022-02-06 00:17:08,-20.0167,148.2333,81.48,62,5,16.37
27,Bluff,NZ,2022-02-06 00:14:21,-46.6,168.3333,57.79,62,61,10.47
28,Jamestown,US,2022-02-06 00:13:34,42.097,-79.2353,15.12,61,0,0.0
29,Sao Geraldo Do Araguaia,BR,2022-02-06 00:17:09,-6.4006,-48.555,74.03,96,100,2.04
30,Hobart,AU,2022-02-06 00:17:10,-42.8794,147.3294,71.06,53,40,1.01
31,Asau,RO,2022-02-06 00:17:10,46.4333,26.4,30.4,99,71,5.28
32,Deputatskiy,RU,2022-02-06 00:17:10,69.3,139.9,-30.37,98,97,2.91
33,Albany,US,2022-02-06 00:16:55,42.6001,-73.9662,14.09,59,5,4.0
34,Lavrentiya,RU,2022-02-06 00:17:11,65.5833,-171.0,-14.4,95,12,9.98
35,Busselton,AU,2022-02-06 00:17:12,-33.65,115.3333,68.04,71,16,7.43
36,Nacala,MZ,2022-02-06 00:17:12,-14.5428,40.6728,73.67,91,88,7.43
37,Kloulklubed,PW,2022-02-06 00:17:13,7.0419,134.2556,77.5,79,81,22.7
38,Aswan,EG,2022-02-06 00:17:13,24.0934,32.907,51.24,51,0,11.63
39,Bredasdorp,ZA,2022-02-06 00:17:14,-34.5322,20.0403,68.29,77,67,12.66
40,Chokurdakh,RU,2022-02-06 00:17:14,70.6333,147.9167,-32.08,100,100,1.92
41,Punta Arenas,CL,2022-02-06 00:12:15,-53.15,-70.9167,57.31,58,75,14.97
42,Torbay,CA,2022-02-06 00:17:15,47.6666,-52.7314,47.57,96,100,18.41
43,Tuatapere,NZ,2022-02-06 00:17:15,-46.1333,167.6833,56.82,64,98,6.64
44,Lorengau,PG,2022-02-06 00:13:41,-2.0226,147.2712,84.16,70,95,7.76
45,Sampit,ID,2022-02-06 00:18:16,-2.5333,112.95,76.19,95,99,2.01
46,Brae,GB,2022-02-06 00:17:14,60.3964,-1.353,37.31,56,99,35.05
47,Yellowknife,CA,2022-02-06 00:16:56,62.456,-114.3525,-13.59,86,97,5.99
48,Luderitz,NA,2022-02-06 00:15:48,-26.6481,15.1594,65.93,83,96,9.91
49,Mataura,NZ,2022-02-06 00:18:17,-46.1927,168.8643,56.48,53,97,3.8
50,Bengkulu,ID,2022-02-06 00:18:17,-3.8004,102.2655,73.56,95,100,9.19
51,Rikitea,PF,2022-02-06 00:18:18,-23.1203,-134.9692,79.45,71,71,12.24
52,Beyneu,KZ,2022-02-06 00:18:18,45.3167,55.2,29.89,87,100,21.25
53,Madisonville,US,2022-02-06 00:18:18,37.3281,-87.4989,26.46,91,5,3.47
54,Namatanai,PG,2022-02-06 00:15:41,-3.6667,152.4333,85.46,65,96,11.23
55,Vao,NC,2022-02-06 00:18:19,-22.6667,167.4833,80.38,85,41,10.09
56,Cadillac,US,2022-02-06 00:18:20,44.2519,-85.4012,21.11,73,100,16.11
57,Seoul,KR,2022-02-06 00:14:27,37.5683,126.9778,22.44,67,41,1.59
58,Key West,US,2022-02-06 00:17:06,24.5557,-81.7826,78.8,75,0,3.44
59,Uige,AO,2022-02-06 00:18:21,-7.6087,15.0613,65.48,97,93,0.89
60,Saint-Philippe,RE,2022-02-06 00:18:21,-21.3585,55.7679,78.39,83,100,19.08
61,Bethel,US,2022-02-06 00:15:43,41.3712,-73.414,23.56,69,0,3.0
62,Wald-Michelbach,DE,2022-02-06 00:18:22,49.57,8.8317,41.49,84,71,14.23
63,Buala,SB,2022-02-06 00:15:58,-8.145,159.5921,85.96,72,98,8.81
64,Avarua,CK,2022-02-06 00:18:22,-21.2078,-159.775,82.45,78,75,17.27
65,Sao Jose De Ribamar,BR,2022-02-06 00:18:23,-2.5619,-44.0542,80.98,85,100,11.79
66,Sola,VU,2022-02-06 00:16:46,-13.8833,167.55,82.35,80,99,20.38
67,Souillac,MU,2022-02-06 00:18:23,-20.5167,57.5167,79.36,89,40,11.5
68,East London,ZA,2022-02-06 00:14:43,-33.0153,27.9116,69.8,87,100,17.31
69,Cayenne,GF,2022-02-06 00:18:24,4.9333,-52.3333,80.1,85,20,5.99
70,Antofagasta,CL,2022-02-06 00:18:25,-23.65,-70.4,66.99,78,5,3.6
71,Qaqortoq,GL,2022-02-06 00:18:25,60.7167,-46.0333,0.1,73,70,4.88
72,Dali,CN,2022-02-06 00:18:25,25.7,100.1833,44.42,89,100,6.82
73,Zhicheng,CN,2022-02-06 00:18:26,30.2956,111.5047,38.39,74,100,5.3
74,Yar-Sale,RU,2022-02-06 00:15:43,66.8333,70.8333,-13.77,100,85,3.15
75,Bugalagrande,CO,2022-02-06 00:18:26,4.2121,-76.1556,70.72,93,96,1.7
76,Santo Tomas,PH,2022-02-06 00:18:27,14.1079,121.1414,79.57,75,95,10.65
77,Kodiak,US,2022-02-06 00:17:17,57.79,-152.4072,38.71,93,100,17.27
78,Arlit,NE,2022-02-06 00:18:28,18.7369,7.3853,61.18,16,0,5.41
79,Clifton Springs,AU,2022-02-06 00:18:28,-38.15,144.5667,79.29,60,46,11.5
80,Naze,JP,2022-02-06 00:18:28,28.3667,129.4833,50.92,68,100,15.32
81,Kokopo,PG,2022-02-06 00:18:29,-4.352,152.2633,84.2,61,98,6.29
82,Huilong,CN,2022-02-06 00:18:29,31.8111,121.655,42.04,57,59,4.07
83,Muli,MV,2022-02-06 00:18:30,2.9167,73.5667,81.28,67,14,5.7
84,Acajutla,SV,2022-02-06 00:18:30,13.5928,-89.8275,81.81,63,16,9.46
85,Tuckahoe,US,2022-02-06 00:18:31,37.5901,-77.5564,33.12,53,0,1.01
86,Qaanaaq,GL,2022-02-06 00:13:33,77.484,-69.3632,0.63,97,100,4.38
87,Salinopolis,BR,2022-02-06 00:18:31,-0.6136,-47.3561,78.26,86,100,8.79
88,Paramirim,BR,2022-02-06 00:18:32,-13.4425,-42.2389,70.95,94,99,4.16
89,Ushuaia,AR,2022-02-06 00:17:58,-54.8,-68.3,51.46,62,20,27.63
90,Hermanus,ZA,2022-02-06 00:15:36,-34.4187,19.2345,70.9,86,14,12.5
91,Ketchikan,US,2022-02-06 00:18:32,55.3422,-131.6461,46.38,65,100,16.11
92,Constitucion,CL,2022-02-06 00:16:29,-35.3333,-72.4167,61.29,73,1,13.02
93,Pak Chong,TH,2022-02-06 00:19:33,14.708,101.4161,71.82,70,57,7.09
94,Hithadhoo,MV,2022-02-06 00:14:46,-0.6,73.0833,81.59,72,36,6.73
95,Mogilno,PL,2022-02-06 00:19:34,52.6581,17.9558,37.2,82,100,18.63
96,San Quintin,MX,2022-02-06 00:19:34,30.4833,-115.95,61.32,32,1,5.95
97,Puquio,PE,2022-02-06 00:19:35,-14.7,-74.1333,51.26,71,92,7.38
98,Kyzyl-Suu,KG,2022-02-06 00:19:35,42.3414,78.0056,12.22,54,0,12.35
99,Puerto Ayora,EC,2022-02-06 00:19:36,-0.7393,-90.3518,75.54,91,64,4.0
100,Disna,BY,2022-02-06 00:19:36,55.568,28.1971,32.47,91,100,13.85
101,Iralaya,HN,2022-02-06 00:19:36,15.0,-83.2333,80.69,81,16,9.01
102,Lata,PT,2022-02-06 00:19:37,40.1629,-8.3327,47.05,79,0,4.23
103,Atuona,PF,2022-02-06 00:19:37,-9.8,-139.0333,78.33,79,11,21.99
104,Merauke,ID,2022-02-06 00:19:38,-8.4667,140.3333,81.97,81,93,9.69
105,Asyut,EG,2022-02-06 00:19:38,27.181,31.1837,49.64,59,0,5.75
106,Castro,BR,2022-02-06 00:19:35,-24.7911,-50.0119,65.59,97,79,1.54
107,Tarauaca,BR,2022-02-06 00:19:39,-8.1614,-70.7656,74.01,92,83,2.98
108,La Asuncion,VE,2022-02-06 00:19:40,11.0333,-63.8628,78.53,78,4,13.8
109,Margate,GB,2022-02-06 00:18:06,51.3813,1.3862,51.04,74,100,11.99
110,Ponta Do Sol,PT,2022-02-06 00:15:43,32.6667,-17.1,67.01,52,10,12.08
111,Sur,OM,2022-02-06 00:19:41,22.5667,59.5289,71.08,46,0,6.76
112,Cabedelo,BR,2022-02-06 00:19:41,-6.9811,-34.8339,81.27,71,33,9.98
113,La Ronge,CA,2022-02-06 00:19:42,55.1001,-105.2842,-3.75,71,100,1.14
114,Pangnirtung,CA,2022-02-06 00:19:42,66.1451,-65.7125,-30.98,98,100,3.67
115,Vaini,TO,2022-02-06 00:14:48,-21.2,-175.2,75.36,94,100,14.97
116,Georgetown,MY,2022-02-06 00:15:21,5.4112,100.3354,79.9,89,20,2.3
117,Upernavik,GL,2022-02-06 00:19:43,72.7868,-56.1549,-1.7,97,100,3.0
118,Port Elizabeth,ZA,2022-02-06 00:15:31,-33.918,25.5701,69.1,94,40,20.71
119,Pastavy,BY,2022-02-06 00:19:44,55.1168,26.8326,32.56,88,100,13.15
120,Barrow,US,2022-02-06 00:19:44,71.2906,-156.7887,-18.38,69,0,11.5
121,Souris,CA,2022-02-06 00:19:44,49.6172,-100.2612,7.74,97,99,2.82
122,Novoagansk,RU,2022-02-06 00:19:45,61.9449,76.6625,7.97,95,100,5.01
123,Esik,KZ,2022-02-06 00:19:45,43.3552,77.4525,13.42,38,0,9.35
124,Baijiantan,CN,2022-02-06 00:19:46,45.6333,85.1833,2.32,84,7,4.61
125,Kaili,ID,2022-02-06 00:19:46,-3.4626,120.2147,71.83,87,100,1.21
126,Jurbarkas,LT,2022-02-06 00:19:47,55.0778,22.7664,33.93,98,98,12.84
127,Ribeira Grande,PT,2022-02-06 00:19:47,38.5167,-28.7,59.72,73,29,12.33
128,Arraial Do Cabo,BR,2022-02-06 00:15:38,-22.9661,-42.0278,76.78,85,70,27.45
129,Gornja Radgona,SI,2022-02-06 00:19:48,46.6733,15.9922,38.55,87,50,6.13
130,Rabo De Peixe,PT,2022-02-06 00:19:48,37.8,-25.5833,59.27,89,20,10.36
131,Skibbereen,IE,2022-02-06 00:19:49,51.55,-9.2667,52.11,91,100,33.22
132,Ilulissat,GL,2022-02-06 00:19:49,69.2167,-51.1,-3.59,79,100,6.53
133,Bathsheba,BB,2022-02-06 00:19:50,13.2167,-59.5167,77.61,73,40,12.66
134,Nikolskoye,RU,2022-02-06 00:19:50,59.7035,30.7861,26.87,96,100,6.6
135,Longyearbyen,SJ,2022-02-06 00:19:51,78.2186,15.6401,10.24,61,20,20.71
136,Saldanha,ZA,2022-02-06 00:19:51,-33.0117,17.9442,68.07,70,43,4.34
137,Sembabule,UG,2022-02-06 00:19:52,-0.0772,31.4567,62.71,84,100,1.21
138,Sabirabad,AZ,2022-02-06 00:20:52,40.0095,48.4752,31.19,57,80,4.83
139,Nanortalik,GL,2022-02-06 00:20:52,60.1432,-45.2371,8.71,62,76,13.6
140,Saint-Joseph,RE,2022-02-06 00:20:53,-21.3667,55.6167,77.38,79,100,15.7
141,Siguiri,GN,2022-02-06 00:20:53,11.6667,-9.5,73.22,14,12,2.66
142,Baoqing,CN,2022-02-06 00:20:54,46.3317,132.2111,-1.86,85,53,6.33
143,Bonavista,CA,2022-02-06 00:20:54,48.6499,-53.1147,43.12,98,100,12.39
144,Jardim,BR,2022-02-06 00:20:54,-21.4803,-56.1381,72.9,96,94,7.47
145,Sabang,ID,2022-02-06 00:20:55,5.8933,95.3214,81.45,74,97,12.39
146,Victoria,HK,2022-02-06 00:17:53,22.2855,114.1577,61.25,81,95,1.99
147,Touros,BR,2022-02-06 00:20:56,-5.1989,-35.4608,81.5,70,27,11.92
148,Narsaq,GL,2022-02-06 00:20:56,60.9167,-46.05,-0.18,70,63,5.7
149,Pentecoste,BR,2022-02-06 00:19:44,-3.7928,-39.2703,81.68,84,26,3.69
150,Bacolod,PH,2022-02-06 00:20:57,10.6667,122.95,79.77,72,86,14.36
151,Port-Gentil,GA,2022-02-06 00:20:57,-0.7193,8.7815,79.2,82,8,11.97
152,Amapa,BR,2022-02-06 00:20:58,1.0,-52.0,71.64,99,91,2.64
153,Komsomolskiy,UZ,2022-02-06 00:18:21,40.4272,71.7189,38.62,32,100,6.91
154,Erenhot,CN,2022-02-06 00:17:03,43.6475,111.9767,2.37,88,5,7.56
155,Kavieng,PG,2022-02-06 00:18:42,-2.5744,150.7967,83.64,73,86,7.43
156,Crato,BR,2022-02-06 00:20:59,-7.2342,-39.4094,78.51,83,20,3.44
157,Saint-Francois,FR,2022-02-06 00:17:56,46.4154,3.9054,35.42,92,52,4.61
158,Santa Helena,BR,2022-02-06 00:20:59,-2.2311,-45.3,73.51,98,94,2.64
159,Oxelosund,SE,2022-02-06 00:21:00,58.6706,17.1015,39.13,87,75,12.66
160,Kargil,IN,2022-02-06 00:21:00,34.5667,76.1,-4.58,94,100,0.54
161,Tautira,PF,2022-02-06 00:21:01,-17.7333,-149.15,86.02,74,34,19.98
162,Kabin Buri,TH,2022-02-06 00:21:01,13.9511,101.7177,73.81,66,49,5.64
163,Santa Rosa,PH,2022-02-06 00:21:02,14.3122,121.1114,81.1,69,91,16.71
164,Lompoc,US,2022-02-06 00:21:02,34.6391,-120.4579,73.71,53,0,13.8
165,Flin Flon,CA,2022-02-06 00:21:03,54.7682,-101.865,-2.36,65,100,4.61
166,Pimentel,PE,2022-02-06 00:21:03,-6.8367,-79.9342,70.47,82,22,14.63
167,Carnarvon,AU,2022-02-06 00:21:04,-24.8667,113.6333,80.67,78,100,13.8
168,Airai,TL,2022-02-06 00:21:04,-8.9266,125.4092,68.41,74,82,1.9
169,Dukat,RU,2022-02-06 00:21:05,62.55,155.55,-13.83,65,27,1.66
170,Tecoanapa,MX,2022-02-06 00:21:05,16.5167,-98.75,80.82,61,0,8.23
171,Hasaki,JP,2022-02-06 00:17:16,35.7333,140.8333,37.29,39,30,14.05
172,Anadyr,RU,2022-02-06 00:21:06,64.75,177.4833,-3.5,71,0,2.24
173,Podosinovets,RU,2022-02-06 00:21:07,60.2776,47.0659,10.33,96,98,4.85
174,Acapulco,MX,2022-02-06 00:21:07,16.8634,-99.8901,82.22,74,0,9.22
175,Chuy,UY,2022-02-06 00:21:08,-33.6971,-53.4616,66.36,90,55,10.16
176,Dongfeng,CN,2022-02-06 00:21:08,42.6403,125.5118,2.97,89,80,6.46
177,Hami,CN,2022-02-06 00:21:08,42.8,93.45,26.31,28,100,9.17
178,Guerrero Negro,MX,2022-02-06 00:17:33,27.9769,-114.0611,66.56,29,0,12.41
179,Leningradskiy,RU,2022-02-06 00:21:09,69.3833,178.4167,-21.21,96,24,3.47
180,Tuktoyaktuk,CA,2022-02-06 00:17:03,69.4541,-133.0374,-29.2,68,75,9.22
181,Balkanabat,TM,2022-02-06 00:21:10,39.5108,54.3671,39.18,75,91,14.03
182,Nome,US,2022-02-06 00:21:10,64.5011,-165.4064,-0.33,65,0,0.0
183,Tallahassee,US,2022-02-06 00:22:11,30.4383,-84.2807,48.04,66,75,4.61
184,Boksitogorsk,RU,2022-02-06 00:18:21,59.474,33.8485,18.61,95,100,8.59
185,Trogir,HR,2022-02-06 00:22:11,43.5125,16.2517,45.79,81,0,1.14
186,Los Andes,CL,2022-02-06 00:22:12,-32.8337,-70.5983,75.58,40,1,5.39
187,Iqaluit,CA,2022-02-06 00:22:12,63.7506,-68.5145,-27.67,62,40,4.61
188,Santa Cruz,BO,2022-02-06 00:22:13,-17.8,-63.1667,71.06,94,100,8.05
189,Laguna,US,2022-02-06 00:18:23,38.421,-121.4238,67.05,44,0,3.0
190,Cherskiy,RU,2022-02-06 00:22:13,68.75,161.3,-30.57,98,21,1.25
191,Noumea,NC,2022-02-06 00:22:14,-22.2763,166.4572,84.18,76,24,10.07
192,Oktyabrskiy,RU,2022-02-06 00:22:14,54.4815,53.471,18.5,99,99,1.99
193,Bambous Virieux,MU,2022-02-06 00:22:15,-20.3428,57.7575,79.21,89,40,11.5
194,Russell,US,2022-02-06 00:22:15,32.3502,-85.1999,44.2,64,0,5.44
195,Banjar,ID,2022-02-06 00:22:16,-8.19,114.9675,84.06,83,59,1.5
196,Nyurba,RU,2022-02-06 00:20:45,63.2842,118.3319,-24.14,100,90,2.19
197,Magadan,RU,2022-02-06 00:22:17,59.5667,150.8,2.53,66,49,11.05
198,Grand Gaube,MU,2022-02-06 00:22:17,-20.0064,57.6608,79.38,76,100,5.99
199,Tarko-Sale,RU,2022-02-06 00:22:17,64.9225,77.785,-18.49,100,97,4.09
200,Tiksi,RU,2022-02-06 00:20:45,71.6872,128.8694,-22.04,98,97,6.46
201,Sirnak,TR,2022-02-06 00:22:18,37.5228,42.4594,22.77,75,7,6.67
202,Brufut,GM,2022-02-06 00:22:19,13.3814,-16.7518,71.69,73,0,6.91
203,Corinto,GR,2022-02-06 00:22:19,37.9407,22.9573,52.68,81,98,2.01
204,Korla,CN,2022-02-06 00:22:19,41.7597,86.1469,22.86,42,85,10.0
205,Coahuayana,MX,2022-02-06 00:22:20,18.7333,-103.6833,85.48,59,6,4.38
206,Sao Jose Da Coroa Grande,BR,2022-02-06 00:22:20,-8.8978,-35.1478,78.35,71,89,7.74
207,Sri Aman,MY,2022-02-06 00:22:21,1.2376,111.4621,75.25,100,40,2.3
208,Tasiilaq,GL,2022-02-06 00:22:21,65.6145,-37.6368,17.76,59,98,8.68
209,Khatanga,RU,2022-02-06 00:22:22,71.9667,102.5,-20.45,98,99,3.78
210,Najran,SA,2022-02-06 00:22:22,17.4924,44.1277,61.45,59,0,4.56
211,Dikson,RU,2022-02-06 00:22:23,73.5069,80.5464,-19.97,100,99,2.86
212,Peniche,PT,2022-02-06 00:20:34,39.3558,-9.3811,53.74,84,0,11.95
213,Ventspils,LV,2022-02-06 00:22:23,57.3894,21.5606,37.33,87,75,14.97
214,Aasiaat,GL,2022-02-06 00:22:24,68.7098,-52.8699,-8.45,88,99,7.05
215,Susanville,US,2022-02-06 00:22:24,40.4163,-120.653,51.64,41,0,5.75
216,Jeremoabo,BR,2022-02-06 00:21:46,-10.075,-38.4808,75.13,61,66,9.13
217,Mar Del Plata,AR,2022-02-06 00:22:25,-38.0023,-57.5575,62.1,78,75,5.01
218,Chengde,CN,2022-02-06 00:22:25,40.9725,117.9361,14.9,56,2,4.9
219,Fairbanks,US,2022-02-06 00:20:02,64.8378,-147.7164,13.82,80,100,0.0
220,Mtambile,TZ,2022-02-06 00:22:26,-5.3833,39.7,78.51,83,100,9.22
221,Xiangxiang,CN,2022-02-06 00:21:42,27.7333,112.5333,42.12,86,100,2.8
222,Bataipora,BR,2022-02-06 00:22:27,-22.2953,-53.2711,72.1,97,100,6.22
223,Deming,US,2022-02-06 00:22:27,32.2687,-107.7586,52.25,21,0,4.61
224,Sijunjung,ID,2022-02-06 00:22:27,-0.6876,100.9537,71.44,99,100,2.04
225,Port Hardy,CA,2022-02-06 00:22:28,50.6996,-127.4199,44.78,87,100,4.61
226,Bardiyah,LY,2022-02-06 00:23:28,31.7561,25.0865,53.92,68,0,15.28
227,Zhigansk,RU,2022-02-06 00:23:29,66.7697,123.3711,-25.56,99,100,5.95
228,Mto Wa Mbu,TZ,2022-02-06 00:23:29,-3.35,35.85,67.39,80,100,2.91
229,Ahipara,NZ,2022-02-06 00:23:30,-35.1667,173.1667,79.07,70,99,5.19
230,Shenjiamen,CN,2022-02-06 00:23:30,29.9576,122.298,40.75,62,71,9.78
231,Xichang,CN,2022-02-06 00:23:31,27.8964,102.2634,42.96,92,100,0.94
232,Vila Velha,BR,2022-02-06 00:22:57,-20.3297,-40.2925,76.95,87,20,3.0
233,Mersing,MY,2022-02-06 00:23:31,2.4312,103.8405,80.51,83,40,11.5
234,Urumqi,CN,2022-02-06 00:23:32,43.801,87.6005,-4.85,84,45,4.47
235,Banganapalle,IN,2022-02-06 00:23:32,15.3167,78.2333,68.94,89,73,4.7
236,Kayes,ML,2022-02-06 00:23:32,14.0,-11.0,78.94,9,0,7.45
237,Hofn,IS,2022-02-06 00:23:33,64.2539,-15.2082,29.35,65,73,16.53
238,Waingapu,ID,2022-02-06 00:18:43,-9.6567,120.2641,81.75,77,93,6.22
239,Koygorodok,RU,2022-02-06 00:23:33,60.445,50.9968,10.06,97,77,4.85
240,Severo-Kurilsk,RU,2022-02-06 00:23:34,50.6789,156.125,29.62,81,95,7.43
241,Lagoa,PT,2022-02-06 00:23:34,39.05,-27.9833,58.64,73,9,16.49
242,Novotroitsk,RU,2022-02-06 00:23:35,51.203,58.3266,14.7,97,100,6.42
243,Okhotsk,RU,2022-02-06 00:23:35,59.3833,143.3,-3.08,69,45,15.19
244,Svetlyy,RU,2022-02-06 00:23:36,54.675,20.1347,37.45,81,97,19.26
245,Narrabri,AU,2022-02-06 00:23:36,-30.3167,149.7833,75.52,43,100,14.97
246,Talnakh,RU,2022-02-06 00:23:37,69.4865,88.3972,-16.6,100,100,2.84
247,Roald,NO,2022-02-06 00:23:37,62.5833,6.1333,37.0,87,75,25.32
248,Prince George,CA,2022-02-06 00:19:37,53.9166,-122.753,42.24,60,75,12.66
249,Trincomalee,LK,2022-02-06 00:23:38,8.5711,81.2335,78.71,71,56,11.18
250,Khovu-Aksy,RU,2022-02-06 00:23:38,51.1333,93.6,-13.5,84,7,5.53
251,Ila,NO,2022-02-06 00:23:39,63.4305,10.3705,37.96,65,100,1.99
252,Cap Malheureux,MU,2022-02-06 00:23:39,-19.9842,57.6142,79.47,76,100,5.99
253,Kontagora,NG,2022-02-06 00:23:39,10.3999,5.4695,72.7,18,0,8.32
254,Alta Floresta,BR,2022-02-06 00:22:49,-9.8756,-56.0861,73.02,94,78,2.19
255,Hobyo,SO,2022-02-06 00:23:40,5.3505,48.5268,75.07,72,5,10.36
256,Klaksvik,FO,2022-02-06 00:18:49,62.2266,-6.589,32.92,80,97,16.2
257,Isangel,VU,2022-02-06 00:23:41,-19.55,169.2667,82.33,85,87,15.3
258,Pafos,CY,2022-02-06 00:23:41,34.7667,32.4167,48.11,76,40,5.75
259,Tyrma,RU,2022-02-06 00:23:41,50.0833,132.1667,-13.95,98,99,0.25
260,The Valley,AI,2022-02-06 00:23:42,18.217,-63.0578,76.86,73,99,19.86
261,Kindu,CD,2022-02-06 00:23:42,-2.95,25.95,66.88,99,90,0.36
262,Fenoarivo,MG,2022-02-06 00:23:43,-18.933,47.4354,66.27,88,75,13.8
263,Prachuap Khiri Khan,TH,2022-02-06 00:23:43,12.2167,99.75,76.69,87,53,2.91
264,Trento,IT,2022-02-06 00:23:43,46.0679,11.1211,44.74,56,0,9.22
265,Yulara,AU,2022-02-06 00:23:44,-25.2406,130.9889,82.24,26,0,12.66
266,Erzin,TR,2022-02-06 00:23:44,36.9559,36.2,36.32,79,29,3.98
267,Katsuura,JP,2022-02-06 00:23:45,35.1333,140.3,44.19,46,5,13.24
268,Port Blair,IN,2022-02-06 00:23:45,11.6667,92.75,77.04,94,40,0.0
269,Aquiraz,BR,2022-02-06 00:21:47,-3.9014,-38.3911,82.49,79,6,7.61
270,Caravelas,BR,2022-02-06 00:23:46,-17.7125,-39.2481,77.41,83,83,6.78
271,Itarema,BR,2022-02-06 00:22:21,-2.9248,-39.9167,79.2,80,8,10.76
272,Bull Savanna,JM,2022-02-06 00:23:46,17.8868,-77.5902,72.43,69,32,1.99
273,Khuzhir,RU,2022-02-06 00:23:47,53.1939,107.3397,16.23,93,99,8.55
274,Skovorodino,RU,2022-02-06 00:24:48,53.9833,123.9167,-7.4,95,90,2.86
275,Petropavlovsk-Kamchatskiy,RU,2022-02-06 00:23:21,53.0452,158.6483,27.19,64,75,17.9
276,Mount Gambier,AU,2022-02-06 00:24:48,-37.8333,140.7667,76.91,38,75,11.5
277,Matara,LK,2022-02-06 00:24:49,5.9485,80.5353,72.23,90,59,7.54
278,Rotherham,GB,2022-02-06 00:24:49,53.4301,-1.3568,51.35,86,100,18.68
279,Provideniya,RU,2022-02-06 00:24:19,64.3833,-173.3,-1.68,82,2,11.27
280,Dalvik,IS,2022-02-06 00:24:50,65.9702,-18.5286,30.13,94,100,28.99
281,Byron Bay,AU,2022-02-06 00:24:50,-28.65,153.6167,75.09,65,95,18.77
282,Port Shepstone,ZA,2022-02-06 00:24:51,-30.7414,30.455,72.91,78,100,6.06
283,Haines Junction,CA,2022-02-06 00:19:56,60.7522,-137.5108,33.75,64,100,6.91
284,Scottsbluff,US,2022-02-06 00:24:52,41.8666,-103.6672,43.92,43,0,6.91
285,Abhar,IR,2022-02-06 00:24:52,36.1468,49.218,29.12,81,11,13.62
286,Merrill,US,2022-02-06 00:24:52,45.1805,-89.6835,15.57,63,0,4.61
287,Mogadishu,SO,2022-02-06 00:24:53,2.0371,45.3438,76.44,83,38,14.54
288,Nabire,ID,2022-02-06 00:24:54,-3.3667,135.4833,81.57,77,100,1.72
289,Abha,SA,2022-02-06 00:24:54,18.2164,42.5053,49.82,87,0,0.0
290,Portland,US,2022-02-06 00:24:01,45.5234,-122.6762,53.58,74,75,1.99
291,Timra,SE,2022-02-06 00:24:55,62.487,17.3257,8.28,92,20,4.61
292,Rockport,US,2022-02-06 00:24:55,28.0206,-97.0544,46.42,62,0,3.0
293,Feltre,IT,2022-02-06 00:24:56,46.0235,11.907,43.74,86,29,3.31
294,Wembley,AU,2022-02-06 00:24:56,-31.9333,115.8,77.68,77,40,4.61
295,Crotone,IT,2022-02-06 00:24:57,39.0851,17.1178,53.69,67,100,7.18
296,Beira,MZ,2022-02-06 00:24:57,-19.8436,34.8389,79.9,67,46,14.16
297,Dunedin,NZ,2022-02-06 00:24:57,-45.8742,170.5036,53.8,66,68,4.0
298,Tura,IN,2022-02-06 00:24:58,25.5198,90.2201,47.62,91,0,3.15
299,Mahebourg,MU,2022-02-06 00:24:58,-20.4081,57.7,79.25,89,40,11.5
300,Poronaysk,RU,2022-02-06 00:24:59,49.2167,143.1167,13.91,82,100,12.06
301,Imbituba,BR,2022-02-06 00:20:44,-28.24,-48.6703,76.89,92,94,2.59
302,Sayyan,YE,2022-02-06 00:25:00,15.1718,44.3244,56.26,56,85,4.14
303,Srandakan,ID,2022-02-06 00:25:00,-7.9386,110.2506,67.73,81,42,4.45
304,Nizhniy Tsasuchey,RU,2022-02-06 00:25:01,50.5167,115.1333,-8.61,98,6,4.81
305,Havre-Saint-Pierre,CA,2022-02-06 00:25:01,50.2334,-63.5986,7.39,65,0,9.22
306,Padang,ID,2022-02-06 00:25:02,-0.9492,100.3543,71.65,93,100,3.36
307,Umuahia,NG,2022-02-06 00:25:02,5.5263,7.4896,72.03,71,43,1.07
308,Sobolevo,RU,2022-02-06 00:20:30,54.4299,31.8996,30.25,95,99,14.63
309,Sitka,US,2022-02-06 00:25:03,57.0531,-135.33,42.69,75,100,29.93
310,Les Cayes,HT,2022-02-06 00:25:03,18.2,-73.75,74.1,62,36,3.96
311,Esperance,AU,2022-02-06 00:23:24,-33.8667,121.9,76.84,51,4,17.74
312,Chalmette,US,2022-02-06 00:25:04,29.9427,-89.9634,48.2,54,0,0.0
313,Benjamin Constant,BR,2022-02-06 00:25:04,-4.3831,-70.0311,78.93,91,100,0.6
314,Mapimi,MX,2022-02-06 00:25:05,25.8167,-103.85,56.17,34,28,8.08
315,Clyde River,CA,2022-02-06 00:20:26,70.4692,-68.5914,-28.97,75,100,2.3
316,Kigorobya,UG,2022-02-06 00:25:05,1.6162,31.3089,69.8,64,100,5.14
317,Ayagoz,KZ,2022-02-06 00:25:06,47.9714,80.4392,-1.86,84,1,8.19
318,Omsukchan,RU,2022-02-06 00:23:58,62.5333,155.8,-15.7,74,22,3.13
319,Jinxiang,CN,2022-02-06 00:26:06,27.4327,120.6062,44.92,71,100,15.3
320,Panzhihua,CN,2022-02-06 00:26:07,26.5851,101.7128,49.77,90,83,2.62
321,Flinders,AU,2022-02-06 00:26:07,-34.5833,150.8552,73.2,71,72,11.99
322,Camacha,PT,2022-02-06 00:26:07,33.0833,-16.3333,63.54,82,40,26.46
323,Carroll,US,2022-02-06 00:26:08,39.5501,-77.0164,27.45,57,0,1.01
324,Marti,CU,2022-02-06 00:26:08,22.9475,-80.9203,72.25,68,3,9.62
325,Hualmay,PE,2022-02-06 00:26:09,-11.0964,-77.6139,70.83,81,35,8.9
326,Hagavik,NO,2022-02-06 00:26:09,60.1833,5.4333,38.17,82,75,4.0
327,Ancud,CL,2022-02-06 00:26:10,-41.8697,-73.8203,62.22,77,43,2.21
328,Aguimes,ES,2022-02-06 00:26:10,27.9054,-15.4461,65.03,32,0,10.36
329,Pulandian,CN,2022-02-06 00:26:11,39.3953,121.9669,26.73,64,1,4.94
330,Salta,AR,2022-02-06 00:26:11,-24.7859,-65.4117,72.19,64,75,6.91
331,Saskylakh,RU,2022-02-06 00:26:12,71.9167,114.0833,-31.34,100,99,3.18
332,Zastron,ZA,2022-02-06 00:26:12,-30.3023,27.084,60.96,67,46,4.0
333,Saint-Louis,SN,2022-02-06 00:26:12,16.3333,-15.0,74.84,10,0,9.1
334,Faizabad,IN,2022-02-06 00:26:13,26.7833,82.1333,47.73,90,0,4.59
335,Lodja,CD,2022-02-06 00:26:13,-3.4833,23.4333,69.15,87,72,0.76
336,Ixtapa,MX,2022-02-06 00:26:14,20.7,-105.2,74.43,73,40,11.5
337,Taywarah,AF,2022-02-06 00:26:14,33.35,64.4167,20.46,73,73,6.11
338,Kidal,ML,2022-02-06 00:26:10,18.4411,1.4078,61.97,15,0,9.86
339,Kirakira,SB,2022-02-06 00:22:28,-10.4544,161.9205,85.06,74,89,7.83
340,Srednekolymsk,RU,2022-02-06 00:26:15,67.45,153.6833,-36.33,99,35,3.24
341,Minsk,BY,2022-02-06 00:26:16,53.9,27.5667,33.55,94,97,14.65
342,Ayan,RU,2022-02-06 00:26:16,56.45,138.1667,-8.64,77,21,12.77
343,Uruburetama,BR,2022-02-06 00:26:17,-3.625,-39.5083,74.28,86,25,2.68
344,Mecca,SA,2022-02-06 00:26:17,21.4267,39.8261,61.3,46,1,6.17
345,Kansanshi,ZM,2022-02-06 00:26:18,-12.0951,26.4273,59.34,98,90,4.27
346,Bay Roberts,CA,2022-02-06 00:26:18,47.5999,-53.2648,48.33,95,100,8.01
347,San Carlos De Bariloche,AR,2022-02-06 00:26:18,-41.1456,-71.3082,67.75,45,40,11.5
348,Fare,PF,2022-02-06 00:26:19,-16.7,-151.0167,81.03,73,4,20.6
349,Husavik,IS,2022-02-06 00:26:19,66.0449,-17.3389,30.11,90,100,29.91
350,Dzerzhinsk,RU,2022-02-06 00:26:20,56.2389,43.4631,12.02,92,100,2.24
351,Kupang,ID,2022-02-06 00:26:20,-10.1667,123.5833,81.46,81,75,10.45
352,Leh,IN,2022-02-06 00:26:21,34.1667,77.5833,0.52,77,98,2.57
353,Surt,LY,2022-02-06 00:26:21,31.2089,16.5887,60.89,38,51,7.63
354,Mount Darwin,ZW,2022-02-06 00:26:22,-16.7725,31.5838,65.95,96,100,2.42
355,Yerbogachen,RU,2022-02-06 00:21:22,61.2767,108.0108,10.06,97,100,2.86
356,Birjand,IR,2022-02-06 00:26:23,32.8663,59.2211,34.27,100,38,0.0
357,Okha,RU,2022-02-06 00:26:23,53.5739,142.9478,3.79,92,100,19.08
358,Royan,FR,2022-02-06 00:26:23,45.6285,-1.0281,46.38,87,5,8.28
359,Tiarei,PF,2022-02-06 00:24:44,-17.5333,-149.3333,86.02,75,12,20.51
360,Nioro,GM,2022-02-06 00:26:24,13.35,-15.75,78.69,14,0,2.66
361,La Orilla,MX,2022-02-06 00:26:25,17.9833,-102.2333,79.36,62,0,6.64
362,Teguldet,RU,2022-02-06 00:27:25,57.3064,88.1667,13.48,94,100,5.12
363,Honiara,SB,2022-02-06 00:27:26,-9.4333,159.95,86.2,70,99,6.42
364,Tomatlan,MX,2022-02-06 00:27:26,19.9333,-105.25,79.16,53,50,6.22
365,Kahului,US,2022-02-06 00:27:28,20.8947,-156.47,84.22,67,40,21.85
366,Half Moon Bay,US,2022-02-06 00:27:28,37.4636,-122.4286,66.88,49,20,5.75
367,Sambava,MG,2022-02-06 00:25:38,-14.2667,50.1667,74.91,88,99,4.05
368,Mae Sai,TH,2022-02-06 00:27:29,20.4335,99.8762,64.44,99,96,1.28
369,Kasempa,ZM,2022-02-06 00:27:29,-13.4584,25.8338,63.66,98,100,2.71
370,Sao Joao Da Barra,BR,2022-02-06 00:25:20,-21.6403,-41.0511,77.47,84,17,26.04
371,Rathcoole,IE,2022-02-06 00:27:30,53.2828,-6.4728,48.78,85,75,26.46
372,Wenzhou,CN,2022-02-06 00:27:03,27.9994,120.6668,43.27,61,100,3.65
373,Sassandra,CI,2022-02-06 00:27:31,4.95,-6.0833,77.45,91,5,4.21
374,Swakopmund,NA,2022-02-06 00:27:31,-22.6833,14.5333,68.85,87,93,1.01
375,Prince Rupert,CA,2022-02-06 00:25:07,54.3161,-130.3201,46.49,53,100,18.41
376,Fremont,US,2022-02-06 00:26:08,37.5483,-121.9886,66.94,47,0,3.0
377,Hervey Bay,AU,2022-02-06 00:27:32,-25.2986,152.8535,79.03,63,70,23.87
378,Coquimbo,CL,2022-02-06 00:26:27,-29.9533,-71.3436,66.13,82,2,5.53
379,Xiropotamos,GR,2022-02-06 00:27:33,41.2,24.1,40.57,77,98,4.81
380,Baykit,RU,2022-02-06 00:27:33,61.67,96.37,10.8,92,97,7.07
381,Nata,PA,2022-02-06 00:27:33,8.3333,-80.5167,80.47,67,9,11.59
382,Barra Patuca,HN,2022-02-06 00:27:34,15.8,-84.2833,75.11,85,9,7.83
383,Sao Paulo De Olivenca,BR,2022-02-06 00:27:34,-3.3783,-68.8725,71.04,97,96,2.66
384,Edendale,ZA,2022-02-06 00:27:35,-29.6528,30.3147,62.62,99,100,2.48
385,Nuuk,GL,2022-02-06 00:27:35,64.1835,-51.7216,7.41,85,100,4.61
386,Oksfjord,NO,2022-02-06 00:27:36,70.2396,22.3479,31.12,82,66,14.29
387,Kruisfontein,ZA,2022-02-06 00:27:36,-34.0033,24.7314,66.88,79,61,13.18
388,Yenangyaung,MM,2022-02-06 00:27:37,20.4667,94.8833,63.99,78,8,5.06
389,San Pedro,PH,2022-02-06 00:27:37,14.35,121.0167,80.35,69,20,10.36
390,Comodoro Rivadavia,AR,2022-02-06 00:27:38,-45.8667,-67.5,66.06,52,0,2.3
391,Licata,IT,2022-02-06 00:27:39,37.1071,13.9461,55.06,76,98,5.28
392,Norman Wells,CA,2022-02-06 00:27:39,65.282,-126.8329,-18.36,63,75,0.0
393,Ende,ID,2022-02-06 00:27:40,-8.8432,121.6623,81.61,78,65,3.71
394,Kavaratti,IN,2022-02-06 00:27:40,10.5669,72.642,78.01,61,11,7.0
395,Saint George,US,2022-02-06 00:25:07,37.1041,-113.5841,59.47,18,0,1.99
396,Tenenkou,ML,2022-02-06 00:27:41,14.4572,-4.9169,70.03,10,0,9.91
397,Alamosa,US,2022-02-06 00:27:41,37.4695,-105.87,33.66,54,0,0.0
398,Lopatino,RU,2022-02-06 00:27:41,52.6195,45.8118,3.67,100,98,5.59
399,Verkhnevilyuysk,RU,2022-02-06 00:27:42,63.4453,120.3167,-24.54,100,80,2.17
400,Bodden Town,KY,2022-02-06 00:27:42,19.2833,-81.25,78.8,75,0,3.0
401,Dovbysh,UA,2022-02-06 00:27:43,50.3733,27.9874,31.44,93,98,14.99
402,Samarai,PG,2022-02-06 00:27:43,-10.6167,150.6667,83.88,72,100,6.67
403,Sharjah,AE,2022-02-06 00:27:43,25.3573,55.4033,71.89,62,20,11.5
404,Raudeberg,NO,2022-02-06 00:27:44,61.9875,5.1352,35.87,90,100,11.01
405,Acarau,BR,2022-02-06 00:27:44,-2.8856,-40.12,79.0,82,9,11.16
406,Suleja,NG,2022-02-06 00:27:45,9.1758,7.1808,72.59,17,0,6.91
407,Ellensburg,US,2022-02-06 00:27:45,46.9965,-120.5479,47.23,67,0,5.75
408,Great Falls,US,2022-02-06 00:27:46,47.5002,-111.3008,40.39,55,100,1.99
409,Thunder Bay,CA,2022-02-06 00:27:46,48.4001,-89.3168,17.58,88,100,13.8
410,Jyvaskyla,FI,2022-02-06 00:28:47,62.2415,25.7209,26.96,91,75,6.91
411,Tabou,CI,2022-02-06 00:28:47,4.423,-7.3528,79.61,87,12,5.68
412,Yoichi,JP,2022-02-06 00:28:48,43.2039,140.7703,27.23,81,100,14.03
413,Biggar,GB,2022-02-06 00:28:48,55.6167,-3.5167,39.29,97,97,13.04
414,Benguela,AO,2022-02-06 00:28:48,-12.5763,13.4055,75.29,73,99,4.27
415,Richards Bay,ZA,2022-02-06 00:28:49,-28.783,32.0377,71.65,83,92,7.65
416,Inndyr,NO,2022-02-06 00:28:49,67.0338,14.0276,37.44,83,89,9.53
417,Vestmannaeyjar,IS,2022-02-06 00:28:50,63.4427,-20.2734,28.24,76,87,17.22
418,Mandera,KE,2022-02-06 00:28:50,3.9366,41.867,76.08,52,99,13.89
419,Santiago Del Estero,AR,2022-02-06 00:28:51,-27.7951,-64.2615,74.55,61,86,15.82
420,Andenes,NO,2022-02-06 00:28:52,69.3143,16.1194,35.58,87,75,21.85
421,Emerald,AU,2022-02-06 00:28:52,-23.5333,148.1667,80.74,41,1,12.66
422,Road Town,VG,2022-02-06 00:28:52,18.4167,-64.6167,73.99,94,40,11.5
423,Niksar,TR,2022-02-06 00:28:53,40.5917,36.9517,26.56,82,53,6.62
424,Misratah,LY,2022-02-06 00:28:53,32.3754,15.0925,60.4,58,69,4.36
425,Mount Isa,AU,2022-02-06 00:25:48,-20.7333,139.5,87.57,33,40,9.22
426,Mareeba,AU,2022-02-06 00:28:54,-17.0,145.4333,82.67,75,44,4.07
427,Sao Joaquim,BR,2022-02-06 00:28:55,-28.2939,-49.9317,59.97,99,100,0.98
428,Maniitsoq,GL,2022-02-06 00:28:55,65.4167,-52.9,2.93,96,100,6.58
429,Meulaboh,ID,2022-02-06 00:28:56,4.1363,96.1285,76.01,83,96,4.52
430,Huarmey,PE,2022-02-06 00:28:56,-10.0681,-78.1522,71.89,80,23,8.84
431,Ormara,PK,2022-02-06 00:28:57,25.2088,64.6357,70.75,70,1,6.55
432,Zandhoven,BE,2022-02-06 00:28:57,51.217,4.6644,47.46,83,75,5.01
433,Kayerkan,RU,2022-02-06 00:28:59,69.3497,87.7602,-15.83,99,98,1.97
434,Atar,MR,2022-02-06 00:28:59,20.5169,-13.0499,70.9,11,0,3.94
435,Paragominas,BR,2022-02-06 00:29:00,-2.9667,-47.4833,71.98,99,100,2.98
436,Sheridan,US,2022-02-06 00:24:27,44.8333,-106.9173,35.78,83,100,5.99
437,Svetlaya,RU,2022-02-06 00:29:02,46.5389,138.3297,8.65,65,72,9.6
438,Batagay-Alyta,RU,2022-02-06 00:29:02,67.8006,130.4114,-25.67,99,98,3.65
439,Durango,MX,2022-02-06 00:24:36,24.8333,-104.8333,65.08,18,21,13.2
440,Jacksonville,US,2022-02-06 00:28:02,30.3322,-81.6556,53.6,81,100,1.99
441,Dongsheng,CN,2022-02-06 00:29:03,39.8161,109.9776,11.52,50,74,6.76
442,Sibu,MY,2022-02-06 00:29:04,2.3,111.8167,77.31,94,40,1.14
443,Praia Da Vitoria,PT,2022-02-06 00:29:04,38.7333,-27.0667,57.76,94,75,16.15
444,Umm Kaddadah,SD,2022-02-06 00:29:05,13.6017,26.6876,56.1,23,70,17.13
445,Cabo San Lucas,MX,2022-02-06 00:27:41,22.8909,-109.9124,71.62,63,0,5.01
446,College,US,2022-02-06 00:29:05,64.8569,-147.8028,15.21,80,100,0.0
447,Ekhabi,RU,2022-02-06 00:29:06,53.5102,142.9671,3.06,92,100,19.51
448,San Patricio,US,2022-02-06 00:29:06,28.017,-97.5169,50.68,42,0,5.39
449,Acari,PE,2022-02-06 00:29:07,-15.4311,-74.6158,73.81,74,4,5.06
450,Safaga,EG,2022-02-06 00:29:07,26.7292,33.9365,58.24,56,0,16.4
451,Kimbe,PG,2022-02-06 00:29:08,-5.5502,150.1429,86.09,67,94,7.0
452,Anuchino,RU,2022-02-06 00:29:08,43.9622,133.0544,2.1,89,100,3.62
453,Gbarnga,LR,2022-02-06 00:29:08,6.9956,-9.4722,71.29,96,7,1.7
454,Oktyabrskoye,RU,2022-02-06 00:30:09,43.0645,44.7417,15.94,93,7,2.24
455,Adrar,MR,2022-02-06 00:30:09,20.5022,-10.0711,64.67,7,0,9.04
456,Miandrivazo,MG,2022-02-06 00:30:10,-19.5167,45.4667,76.57,81,100,16.08
457,Taksimo,RU,2022-02-06 00:30:10,56.3444,114.8794,-15.47,90,46,0.13
458,Ziro,IN,2022-02-06 00:30:11,27.6333,93.8333,27.61,97,46,3.06
459,Westport,US,2022-02-06 00:25:19,41.1415,-73.3579,25.32,65,0,1.99
460,Aparecida Do Taboado,BR,2022-02-06 00:30:11,-20.0867,-51.0936,73.2,91,100,3.78
461,Rio Grande,BR,2022-02-06 00:30:12,-32.035,-52.0986,73.94,79,0,3.96
462,Calvinia,ZA,2022-02-06 00:30:12,-31.4707,19.776,75.81,34,0,3.33
463,Buchanan,LR,2022-02-06 00:28:58,5.8808,-10.0467,80.69,83,55,6.64
464,Shimoda,JP,2022-02-06 00:30:13,34.6667,138.95,42.1,54,0,25.88
465,Dhidhdhoo,MV,2022-02-06 00:30:13,6.8833,73.1,80.1,66,29,4.9
466,Tevaitoa,PF,2022-02-06 00:30:14,-16.7833,-151.5,80.96,73,18,20.38
467,Shache,CN,2022-02-06 00:30:14,38.4167,77.2406,26.71,65,100,2.98
468,North Bend,US,2022-02-06 00:30:14,43.4065,-124.2243,56.91,82,0,14.97
469,Panaba,MX,2022-02-06 00:26:29,21.2833,-88.2667,71.11,84,70,10.11
470,Muros,ES,2022-02-06 00:30:15,42.7762,-9.0603,48.24,77,7,10.11
471,Cimislia,MD,2022-02-06 00:30:15,46.52,28.7842,36.64,83,11,8.41
472,Makakilo City,US,2022-02-06 00:30:16,21.3469,-158.0858,82.15,61,20,5.75
473,Sembakung,ID,2022-02-06 00:30:16,3.8167,117.25,75.13,92,100,1.23
474,Svencioneliai,LT,2022-02-06 00:30:17,55.1667,26.0,31.19,96,100,10.8
475,Rantepao,ID,2022-02-06 00:30:17,-2.9701,119.8978,76.28,77,100,2.06
476,Goderich,CA,2022-02-06 00:27:51,43.7501,-81.7165,14.92,73,95,8.05
477,Daru,PG,2022-02-06 00:30:18,-9.0763,143.2092,86.7,63,68,10.47
478,Japura,ID,2022-02-06 00:30:19,-0.3167,102.35,74.46,96,100,3.49
479,Tateyama,JP,2022-02-06 00:30:19,34.9833,139.8667,44.1,43,89,8.03
480,Esna,EG,2022-02-06 00:30:20,25.2934,32.554,50.36,56,0,8.61
481,Ardakan,IR,2022-02-06 00:30:20,32.31,54.0175,43.18,33,0,2.77
482,Vila Franca Do Campo,PT,2022-02-06 00:30:21,37.7167,-25.4333,60.19,84,86,11.14
483,Namibe,AO,2022-02-06 00:30:21,-15.1961,12.1522,72.54,66,75,9.15
484,Hamilton,US,2022-02-06 00:30:21,39.1834,-84.5333,20.59,82,0,1.01
485,Whitecourt,CA,2022-02-06 00:30:22,54.1502,-115.6855,36.64,64,75,9.22
486,Elliot Lake,CA,2022-02-06 00:30:22,46.3834,-82.6331,14.09,94,100,7.58
487,Menongue,AO,2022-02-06 00:30:23,-14.6585,17.691,61.05,97,100,8.34
488,Kostomuksha,RU,2022-02-06 00:30:23,64.571,30.5767,18.68,93,100,9.62
489,Olinda,BR,2022-02-06 00:30:24,-8.0089,-34.8553,82.13,65,0,6.91
490,Ust-Kulom,RU,2022-02-06 00:30:01,61.6864,53.6902,1.65,97,51,4.54
491,Pastos Bons,BR,2022-02-06 00:30:24,-6.6017,-44.0767,73.04,94,6,3.51
492,Tandil,AR,2022-02-06 00:30:06,-37.3217,-59.1332,54.82,83,100,13.09
493,Praia,CV,2022-02-06 00:26:35,14.9215,-23.5087,70.34,83,0,14.97
494,Marinette,US,2022-02-06 00:30:26,45.1,-87.6307,25.29,73,100,10.36
495,Chapais,CA,2022-02-06 00:30:26,49.7834,-74.8492,-6.02,100,44,2.73
496,Karaton,ID,2022-02-06 00:30:27,-6.3424,106.1045,75.36,97,100,4.65
497,Anloga,GH,2022-02-06 00:30:27,5.7947,0.8973,80.82,84,2,7.0
498,Chichica,PA,2022-02-06 00:30:27,8.4922,-82.1627,78.15,80,7,6.58
499,Kamenka,RU,2022-02-06 00:30:28,51.3223,42.7678,-7.56,100,98,5.46
500,Hisar,IN,2022-02-06 00:29:47,29.1667,75.7167,48.4,79,8,3.98
501,Araouane,ML,2022-02-06 00:31:29,18.9048,-3.5265,63.23,12,0,8.5
502,Paris,FR,2022-02-06 00:28:06,48.8534,2.3488,47.1,80,100,5.01
503,Vilhena,BR,2022-02-06 00:27:59,-12.7406,-60.1458,69.22,95,20,2.48
504,Kokstad,ZA,2022-02-06 00:31:30,-30.5472,29.4241,57.69,98,100,2.98
505,Haifa,IL,2022-02-06 00:31:30,32.8156,34.9892,56.01,65,100,10.45
506,Chiman,PK,2022-02-06 00:31:31,32.5463,73.8138,46.54,45,99,2.8
507,Kangasala,FI,2022-02-06 00:31:31,61.4638,24.076,28.67,97,67,5.37
508,Labytnangi,RU,2022-02-06 00:31:32,66.6572,66.4183,-19.77,100,32,1.45
509,Viedma,AR,2022-02-06 00:31:32,-40.8135,-62.9967,56.61,62,0,7.67
510,Batemans Bay,AU,2022-02-06 00:31:33,-35.7167,150.1833,70.2,59,24,11.79
511,Sorland,NO,2022-02-06 00:26:54,67.667,12.6934,38.61,77,88,25.46
512,George,ZA,2022-02-06 00:31:33,-33.963,22.4617,60.35,100,100,2.3
513,Lingen,DE,2022-02-06 00:31:34,52.5167,7.3167,45.79,64,100,24.79
514,Vila,PT,2022-02-06 00:31:34,42.0304,-8.1588,37.33,82,0,4.14
515,Novikovo,RU,2022-02-06 00:31:35,51.1537,37.8879,20.19,96,100,9.15
516,Dingle,PH,2022-02-06 00:31:35,10.9995,122.6711,80.26,74,100,17.69
517,Lincoln,US,2022-02-06 00:26:38,40.8,-96.667,51.24,29,0,4.0
518,Belmonte,BR,2022-02-06 00:31:36,-15.8631,-38.8828,73.9,83,33,6.93
519,Saint-Georges,GD,2022-02-06 00:27:34,12.0564,-61.7485,76.68,83,20,14.97
520,Doha,QA,2022-02-06 00:28:28,25.2867,51.5333,62.58,46,0,11.5
521,Dudinka,RU,2022-02-06 00:31:37,69.4058,86.1778,-17.72,99,94,2.55
522,El Tocuyo,VE,2022-02-06 00:31:37,9.7873,-69.7937,71.94,72,70,2.55
523,Tromso,NO,2022-02-06 00:27:06,69.6496,18.957,36.25,60,40,28.77
524,Port Macquarie,AU,2022-02-06 00:31:38,-31.4333,152.9167,73.36,58,68,16.71
525,Carballo,ES,2022-02-06 00:30:32,43.213,-8.691,45.86,91,15,2.89
526,Puerto Madryn,AR,2022-02-06 00:30:52,-42.7692,-65.0385,60.73,54,17,11.39
527,Axim,GH,2022-02-06 00:31:39,4.8699,-2.2405,78.55,87,13,7.34
528,Hambantota,LK,2022-02-06 00:30:10,6.1241,81.1185,71.94,100,32,5.75
529,Meridian,US,2022-02-06 00:28:38,43.6121,-116.3915,41.5,63,0,1.01
530,Alghero,IT,2022-02-06 00:31:40,40.5589,8.3181,48.99,93,0,1.14
531,Manono,CD,2022-02-06 00:29:17,-7.3,27.4167,67.33,96,96,1.19
532,Marawi,PH,2022-02-06 00:31:40,7.9986,124.2928,69.66,63,62,4.21
533,Ostrovnoy,RU,2022-02-06 00:31:41,68.0531,39.5131,15.12,84,100,29.06
534,Port Augusta,AU,2022-02-06 00:31:42,-32.5,137.7667,87.71,21,99,7.76
535,Zhongshu,CN,2022-02-06 00:31:42,24.5167,103.7667,47.19,97,100,4.97
536,Tanabe,JP,2022-02-06 00:31:43,33.7333,135.3667,39.92,48,75,5.01
537,Ville-Marie,CA,2022-02-06 00:30:05,47.3335,-79.433,-0.4,91,100,4.68
538,Maceio,BR,2022-02-06 00:31:44,-9.6658,-35.7353,76.44,83,0,3.44
539,Gold Coast,AU,2022-02-06 00:31:44,-28.0,153.4333,79.25,82,75,11.01
540,Myingyan,MM,2022-02-06 00:31:45,21.4667,95.3833,64.26,71,0,5.48
541,Bud,US,2022-02-06 00:28:59,39.447,-86.1758,20.35,84,11,6.26
542,Bhadrak,IN,2022-02-06 00:31:46,21.0633,86.5054,58.14,52,74,5.48
543,Pedasi,PA,2022-02-06 00:31:45,7.5333,-80.0333,75.07,72,14,19.28
544,Luban,PL,2022-02-06 00:31:47,51.1201,15.2877,39.2,72,100,13.89
545,Pizarro,CO,2022-02-06 00:31:47,4.9533,-77.366,76.14,87,9,2.89
546,Pisco,PE,2022-02-06 00:31:48,-13.7,-76.2167,69.85,83,0,8.05
547,Takoradi,GH,2022-02-06 00:32:48,4.8845,-1.7554,79.43,87,6,7.7
548,Mitsamiouli,KM,2022-02-06 00:32:49,-11.3847,43.2844,81.64,78,100,10.76
549,Inuvik,CA,2022-02-06 00:29:13,68.3499,-133.7218,-31.94,68,20,0.0
550,Wainwright,CA,2022-02-06 00:31:42,52.839,-110.8572,35.51,98,90,5.57
551,Veraval,IN,2022-02-06 00:32:50,20.9,70.3667,63.48,82,5,8.08
552,Rabaul,PG,2022-02-06 00:32:50,-4.1967,152.1721,83.34,68,100,9.66
553,Lalsot,IN,2022-02-06 00:32:51,26.5667,76.3333,52.47,69,0,5.79
554,Huescar,ES,2022-02-06 00:32:51,37.811,-2.5412,46.94,84,95,2.35
555,Dombarovskiy,RU,2022-02-06 00:32:52,50.7587,59.5386,20.52,94,100,6.15
556,Xinzhou,CN,2022-02-06 00:32:52,38.4092,112.7333,25.39,30,100,2.19
557,Kendari,ID,2022-02-06 00:32:52,-3.945,122.4989,81.64,83,96,7.56
558,Pitsunda,GE,2022-02-06 00:32:53,43.1592,40.3378,33.98,67,100,10.18
559,Nantucket,US,2022-02-06 00:32:53,41.2835,-70.0995,26.71,58,0,18.41
560,Ituango,CO,2022-02-06 00:32:54,7.1712,-75.764,60.03,98,49,1.07
561,Faanui,PF,2022-02-06 00:30:29,-16.4833,-151.75,81.1,73,14,19.77
562,Maragogi,BR,2022-02-06 00:32:55,-9.0122,-35.2225,78.06,73,100,7.23
563,Mayo,US,2022-02-06 00:32:55,38.8876,-76.5119,30.24,53,0,5.01
564,Bhatkal,IN,2022-02-06 00:32:56,13.9667,74.5667,69.64,68,69,3.53
